"fs_country","fs_league","matched","score","sb_country","sb_league","reason"
"Argentina","Primera B",TRUE,1,"Argentina","Primera B","exact"
"Argentina","Primera C",TRUE,1,"Argentina","Primera C","exact"
"Argentina","Primera Nacional",TRUE,1,"Argentina","Primera Nacional","exact"
"Austria","2. Liga",TRUE,1,"Austria","2. Liga","exact"
"Austria","Bundesliga",TRUE,1,"Austria","Bundesliga","exact"
"Austria","Bundesliga Women",TRUE,0.875,"Austria","Bundesliga","fuzzy (0.88)"
"Belgium","Challenger Pro League",TRUE,1,"Belgium","Challenger Pro League","exact"
"Belgium","National Division 1 - ACFF",TRUE,0.832,"Belgium","Nationale 1 ACFF","fuzzy (0.83)"
"Belgium","Pro League U21",TRUE,0.905,"Belgium","Pro League","fuzzy (0.9)"
"Bolivia","Division Profesional",TRUE,1,"Bolivia","Division Profesional","exact"
"Brazil","Brasileiro A2 Women",TRUE,0.814,"Brazil","Brasileiro Serie A","fuzzy (0.81)"
"Brazil","Brasileiro U17",TRUE,0.799,"Brazil","Brasileiro Serie A","fuzzy (0.8)"
"Brazil","Brasileiro U20",TRUE,0.799,"Brazil","Brasileiro Serie A","fuzzy (0.8)"
"Brazil","Brasileiro Women",TRUE,0.806,"Brazil","Brasileiro Serie A","fuzzy (0.81)"
"Bulgaria","Vtora liga",TRUE,1,"Bulgaria","Vtora Liga","exact"
"Canada","Canadian Premier League",TRUE,1,"Canada","Canadian Premier League","exact"
"Chile","Primera Division Women",TRUE,1,"Chile","Primera Division, Women","exact"
"Colombia","Liga Women",TRUE,0.763,"Colombia","Liga Femenina","fuzzy (0.76)"
"Costa Rica","Liga de Ascenso",FALSE,0.553,NA,NA,"league_below_threshold (closest=Primera Division score=0.55)"
"Costa Rica","Primera Division",TRUE,1,"Costa Rica","Primera Division","exact"
"Croatia","1. HNL Women",TRUE,0.758,"Croatia","HNL","fuzzy (0.76)"
"Croatia","HNL",TRUE,1,"Croatia","HNL","exact"
"Czech Republic","1. Liga Women",TRUE,0.833,"Czechia","1. Liga","fuzzy (0.83)"
"Czech Republic","2. Liga Women",TRUE,0.75,"Czechia","1. Liga","fuzzy (0.75)"
"Denmark","1st Division",TRUE,0.844,"Denmark","1. Division","fuzzy (0.84)"
"Denmark","2nd Division",TRUE,1,"Denmark","2nd Division","exact"
"Denmark","3rd Division",TRUE,0.889,"Denmark","2nd Division","fuzzy (0.89)"
"Denmark","Superliga",TRUE,1,"Denmark","Superliga","exact"
"Egypt","Premier League",TRUE,1,"Egypt","Premier League","exact"
"England","Championship",TRUE,1,"England","Championship","exact"
"England","League One",TRUE,1,"England","League One","exact"
"England","League Two",TRUE,1,"England","League Two","exact"
"England","National League",TRUE,1,"England","National League","exact"
"England","National League North",TRUE,0.905,"England","National League","fuzzy (0.9)"
"England","National League South",TRUE,0.905,"England","National League","fuzzy (0.9)"
"England","Premier League",TRUE,1,"England","Premier League","exact"
"England","Premier League 2",TRUE,0.958,"England","Premier League","fuzzy (0.96)"
"England","Premier League U18",TRUE,0.926,"England","Premier League","fuzzy (0.93)"
"Estonia","Esiliiga",TRUE,0.933,"Estonia","Esiliiga B","fuzzy (0.93)"
"Estonia","Esiliiga B",TRUE,1,"Estonia","Esiliiga B","exact"
"Faroe Islands","Premier League",TRUE,1,"Faroe Islands","Premier League","exact"
"Finland","Veikkausliiga",TRUE,1,"Finland","Veikkausliiga","exact"
"Finland","Ykkonen",TRUE,0.78,"Finland","Kolmonen","fuzzy (0.78)"
"Finland","Ykkosliiga",TRUE,1,"Finland","Ykkosliiga","exact"
"France","Ligue 1",TRUE,1,"France","Ligue 1","exact"
"France","Ligue 2",TRUE,1,"France","Ligue 2","exact"
"Germany","2. Bundesliga",TRUE,1,"Germany","2. Bundesliga","exact"
"Germany","2. Bundesliga Women",TRUE,0.889,"Germany","2. Bundesliga","fuzzy (0.89)"
"Germany","3. Liga",TRUE,1,"Germany","3. Liga","exact"
"Germany","Bundesliga",TRUE,1,"Germany","Bundesliga","exact"
"Germany","Bundesliga Women",TRUE,0.875,"Germany","Bundesliga","fuzzy (0.88)"
"Greece","Super League",TRUE,1,"Greece","Super League","exact"
"Hungary","NB I.",TRUE,1,"Hungary","NB I","exact"
"Hungary","NB II.",TRUE,0.933,"Hungary","NB I","fuzzy (0.93)"
"Hungary","NB III - Northeast",TRUE,0.75,"Hungary","NB I","fuzzy (0.75)"
"Hungary","NB III - Northwest",TRUE,0.75,"Hungary","NB I","fuzzy (0.75)"
"Hungary","NB III - Southeast",TRUE,0.75,"Hungary","NB I","fuzzy (0.75)"
"Hungary","NB III - Southwest",TRUE,0.75,"Hungary","NB I","fuzzy (0.75)"
"Iceland","Besta deild Women",TRUE,0.882,"Iceland","Besta deild","fuzzy (0.88)"
"Iceland","Besta deild karla",TRUE,0.882,"Iceland","Besta deild","fuzzy (0.88)"
"India","Calcutta Premier Division",TRUE,0.933,"India","Calcutta Premier Div.","fuzzy (0.93)"
"Iraq","Stars League",TRUE,1,"Iraq","Stars League","exact"
"Ireland","Premier Division",TRUE,1,"Ireland","Premier Division","exact"
"Italy","Serie A",TRUE,1,"Italy","Serie A","exact"
"Italy","Serie B",TRUE,1,"Italy","Serie B","exact"
"Italy","Serie C - Group A",TRUE,0.752,"Italy","Serie A","fuzzy (0.75)"
"Italy","Serie C - Group B",TRUE,0.752,"Italy","Serie A","fuzzy (0.75)"
"Italy","Serie C - Group C",TRUE,0.752,"Italy","Serie A","fuzzy (0.75)"
"Japan","J1 League",TRUE,1,"Japan","J1 League","exact"
"Japan","J2 League",TRUE,1,"Japan","J2 League","exact"
"Japan","J3 League",TRUE,0.926,"Japan","J1 League","fuzzy (0.93)"
"Kazakhstan","Premier League",TRUE,1,"Kazakhstan","Premier League","exact"
"Kuwait","Premier League",TRUE,1,"Kuwait","Premier League","exact"
"Latvia","Virsliga",TRUE,1,"Latvia","Virsliga","exact"
"Lithuania","I Lyga",TRUE,0.889,"Lithuania","1 Lyga","fuzzy (0.89)"
"Mexico","Liga MX",TRUE,1,"Mexico","Liga MX","exact"
"Mexico","Liga MX U21",TRUE,0.879,"Mexico","Liga MX","fuzzy (0.88)"
"Mexico","Liga MX Women",TRUE,0.846,"Mexico","Liga MX","fuzzy (0.85)"
"Mexico","Liga de Expansion MX",TRUE,1,"Mexico","Liga de Expansion MX","exact"
"Mozambique","Mocambola",TRUE,1,"Mozambique","Mocambola","exact"
"Netherlands","Derde Divisie",TRUE,0.856,"Netherlands","Eredivisie","fuzzy (0.86)"
"Netherlands","Eerste Divisie",TRUE,1,"Netherlands","Eerste Divisie","exact"
"Netherlands","Eredivisie",TRUE,1,"Netherlands","Eredivisie","exact"
"Netherlands","Tweede Divisie",TRUE,0.835,"Netherlands","Eerste Divisie","fuzzy (0.84)"
"Northern Ireland","Premiership Women",TRUE,0.882,"Northern Ireland","Premiership","fuzzy (0.88)"
"Norway","Eliteserien",TRUE,1,"Norway","Eliteserien","exact"
"Paraguay","Division Intermedia",TRUE,0.778,"Paraguay","Division de Honor","fuzzy (0.78)"
"Peru","Liga 1",TRUE,1,"Peru","Liga 1","exact"
"Peru","Liga 2",TRUE,0.889,"Peru","Liga 1","fuzzy (0.89)"
"Peru","Liga Women",TRUE,0.778,"Peru","Liga 1","fuzzy (0.78)"
"Poland","Ekstraklasa",TRUE,1,"Poland","Ekstraklasa","exact"
"Portugal","Liga Portugal",TRUE,1,"Portugal","Liga Portugal","exact"
"Portugal","Liga Portugal 2",TRUE,1,"Portugal","Liga Portugal 2","exact"
"Romania","Liga 2",TRUE,1,"Romania","Liga 2","exact"
"Romania","Superliga",TRUE,1,"Romania","Superliga","exact"
"Romania","Superliga Women",TRUE,0.867,"Romania","Superliga","fuzzy (0.87)"
"Russia","Premier League",TRUE,1,"Russia","Premier League","exact"
"Saudi Arabia","Saudi Professional League",TRUE,0.807,"Saudi Arabia","Saudi Pro League","fuzzy (0.81)"
"Scotland","Championship",TRUE,1,"Scotland","Championship","exact"
"Scotland","League One",TRUE,0.858,"Scotland","League 1","fuzzy (0.86)"
"Scotland","League Two",TRUE,0.858,"Scotland","League 1","fuzzy (0.86)"
"Scotland","Premiership",TRUE,1,"Scotland","Premiership","exact"
"Singapore","Premier League 2",TRUE,1,"Singapore","Premier League 2","exact"
"Slovenia","Prva liga",TRUE,0.963,"Slovenia","PrvaLiga","fuzzy (0.96)"
"South Africa","Betway Premiership",TRUE,0.779,"South Africa","Premiership","fuzzy (0.78)"
"Spain","LaLiga",TRUE,1,"Spain","LaLiga","exact"
"Spain","LaLiga2",TRUE,0.952,"Spain","LaLiga","fuzzy (0.95)"
"Sweden","Allsvenskan",TRUE,1,"Sweden","Allsvenskan","exact"
"Sweden","Allsvenskan Women",TRUE,0.882,"Sweden","Allsvenskan","fuzzy (0.88)"
"Sweden","Division 1 - Norra",TRUE,0.821,"Sweden","Division 2","fuzzy (0.82)"
"Sweden","Division 1 - Södra",TRUE,0.821,"Sweden","Division 2","fuzzy (0.82)"
"Sweden","Division 2 - Norra Götaland",TRUE,0.8,"Sweden","Division 2","fuzzy (0.8)"
"Sweden","Division 2 - Norra Svealand",TRUE,0.8,"Sweden","Division 2","fuzzy (0.8)"
"Sweden","Division 2 - Norrland",TRUE,0.842,"Sweden","Division 2","fuzzy (0.84)"
"Sweden","Division 2 - Södra Götaland",TRUE,0.8,"Sweden","Division 2","fuzzy (0.8)"
"Sweden","Division 2 - Södra Svealand",TRUE,0.8,"Sweden","Division 2","fuzzy (0.8)"
"Sweden","Division 2 - Västra Götaland",TRUE,0.795,"Sweden","Division 2","fuzzy (0.79)"
"Sweden","Elitettan Women",TRUE,0.778,"Sweden","Ettan","fuzzy (0.78)"
"Sweden","Superettan",TRUE,1,"Sweden","Superettan","exact"
"Switzerland","Challenge League",TRUE,1,"Switzerland","Challenge League","exact"
"Switzerland","Super League",TRUE,1,"Switzerland","Super League","exact"
"Switzerland","Super League Women",TRUE,0.889,"Switzerland","Super League","fuzzy (0.89)"
"Turkey","1. Lig",TRUE,1,"Turkiye","1. Lig","exact"
"Turkey","Super Lig",TRUE,1,"Turkiye","Super Lig","exact"
"Turkey","Super Lig Women",TRUE,0.867,"Turkiye","Super Lig","fuzzy (0.87)"
"USA","MLS",TRUE,1,"USA","MLS","exact"
"USA","MLS Next Pro",TRUE,0.75,"USA","MLS","fuzzy (0.75)"
"USA","USL Championship",TRUE,1,"USA","USL Championship","exact"
"Ukraine","Druha Liga",TRUE,0.842,"Ukraine","Persha Liga","fuzzy (0.84)"
"Ukraine","Persha Liga",TRUE,1,"Ukraine","Persha Liga","exact"
"Ukraine","Premier League",TRUE,1,"Ukraine","Premier League","exact"
"Uzbekistan","Pro Liga",TRUE,1,"Uzbekistan","Pro Liga","exact"
"Uzbekistan","Super League",TRUE,0.81,"Uzbekistan","Superliga","fuzzy (0.81)"
"Wales","Cymru Premier",TRUE,1,"Wales","Cymru Premier","exact"
